avg func,COL1,COL2,LAST_FUNC,COL3,COL4,COL5,COL6
148897.513000,1,4/1/2017,8/26/2026,3635,206325,163942.000000,148897513
